新闻标题,新闻链接,新闻日期
拉菲尼亚：球场上身材大小并不意味什么，我认为梅西就是世界最佳,https://news.zhibo8.com/zuqiu/2025-02-09/67a83405d4602native.htm,2025-02-09
26岁姆巴佩生涯已直接参与500球，超过同龄梅西、C罗、内马尔🤯,news.zhibo8.com/zuqiu/2025-02-09/67a81023db4a3native.htm,2025-02-09
多纳鲁马：姆巴佩技术很强速度也很快，但最接近梅西的还是内马尔,//news.zhibo8.com/zuqiu/2025-02-05/67a330a74751fnative.htm,2025-02-05
1射2传！梅西社媒：备战阶段增加了一些比赛时间，感谢洪都拉斯,//news.zhibo8.com/zuqiu/2025-02-09/67a8240b9e61bnative.htm,2025-02-09
梅西单场换球衣梅开二度！赛后直接开始签名、合影一条龙,//news.zhibo8.com/zuqiu/2025-02-09/67a81a12649d0native.htm,2025-02-09
季前赛-迈阿密5-0奥林匹亚4连胜 梅西2传1射苏牙传射小雷东多破门,//news.zhibo8.com/zuqiu/2025-02-09/match1607284date2025vnative.htm,2025-02-09
梅西本场数据：出场63分钟1射2传，送出5记关键传球&获评8.8分,//news.zhibo8.com/zuqiu/2025-02-09/67a815282e4a3native.htm,2025-02-09
又光膀子了~上半场结束，对手要走了梅西的球衣,//news.zhibo8.com/zuqiu/2025-02-09/67a80a675cc57native.htm,2025-02-09
半场-梅西2传1射苏牙助攻小雷东多破门 迈阿密国际3-0CD奥林匹亚,//news.zhibo8.com/zuqiu/2025-02-09/67a805a857ef2native.htm,2025-02-09
半场2传1射建功！梅西“吃饼”后，3分钟连送两次助攻,//news.zhibo8.com/zuqiu/2025-02-09/67a809979dafanative.htm,2025-02-09
情投意合！苏亚雷斯反越位无私助攻梅西破门，迈阿密1-0领先,//news.zhibo8.com/zuqiu/2025-02-09/67a8056846699native.htm,2025-02-09
迈阿密第4场季前赛首发：梅西、苏亚雷斯、布斯克茨先发,//news.zhibo8.com/zuqiu/2025-02-09/67a7f43100043native.htm,2025-02-09
皮克：梅西永远都是我的朋友 现在的巴萨球员没几个能进巅峰巴萨,//news.zhibo8.com/zuqiu/2025-02-09/67a77f986a67enative.htm,2025-02-09
赖因德斯：我受到小白和德布劳内启发 我的偶像绝对是梅西,//news.zhibo8.com/zuqiu/2025-02-08/67a744aa34756native.htm,2025-02-08
安东尼：收到贝蒂斯报价我就知道自己会来 偶像是梅西和C罗,//news.zhibo8.com/zuqiu/2025-02-07/67a592d5bdd6fnative.htm,2025-02-07
🌟阿根廷总统米莱接见迈阿密国际老板，获赠梅西签名球衣,//news.zhibo8.com/zuqiu/2025-02-07/67a5739486207native.htm,2025-02-07
假新闻！梅西儿子U13比赛单场1人轰11球，多家媒体报道后删除新闻,//news.zhibo8.com/zuqiu/2025-02-07/67a569bdc5de6native.htm,2025-02-07
尼科-帕斯：我梦想作为梅西的队友与他一起赢得下届世界杯,//news.zhibo8.com/zuqiu/2025-02-07/67a56a98d3859native.htm,2025-02-07
每两场1最佳！whoscored统计梅西近699场，355次获全场最高评分,//news.zhibo8.com/zuqiu/2025-02-07/67a4e2e991765native.htm,2025-02-07
帕斯：想赢更多欧冠 希望参加并赢得下届世界杯且那时梅西还在,//news.zhibo8.com/zuqiu/2025-02-07/67a4de4419977native.htm,2025-02-07
阿尔巴：有幸与梅西相识多年，我们只需交换眼神便知对方会做什么,//news.zhibo8.com/zuqiu/2025-02-07/67a5d9fa24aa9native.htm,2025-02-07
记者：梅西合同今年底到期，没有延长选项但双方仍有可能续约,//news.zhibo8.com/zuqiu/2025-02-06/67a4b640a06ccnative.htm,2025-02-06
继续打击？被伊卡尔迪称此前也出轨，旺达晒照与阿根廷歌手秀恩爱,//news.zhibo8.com/zuqiu/2024-12-06/6752d287538e9native.htm,2024-12-06
